{"stats":{"minecraft:crafted":{"minecraft:oak_planks":16,"minecraft:crafting_table":1,"minecraft:stick":4},"minecraft:killed":{"iceandfire:fire_dragon":1},"minecraft:picked_up":{"iceandfire:dragonscales_green":26,"iceandfire:dragonbone":7,"minecraft:wheat_seeds":2,"minecraft:dandelion":1,"iceandfire:fire_dragon_heart":1,"iceandfire:dragon_skull_fire":1,"minecraft:beef":2,"minecraft:oak_log":4,"minecraft:oak_sapling":1,"iceandfire:fire_dragon_flesh":2},"minecraft:custom":{"minecraft:open_chest":1,"minecraft:time_since_rest":9618,"minecraft:play_time":9618,"minecraft:crouch_one_cm":160,"minecraft:sprint_one_cm":13299,"minecraft:damage_taken":30,"minecraft:walk_one_cm":17444,"minecraft:sneak_time":82,"minecraft:mob_kills":1,"minecraft:jump":152,"minecraft:damage_dealt":1475,"minecraft:leave_game":4,"minecraft:time_since_death":9618,"minecraft:total_world_time":9618,"minecraft:climb_one_cm":1391,"minecraft:fall_one_cm":1842,"minecraft:fly_one_cm":65936},"minecraft:mined":{"minecraft:oak_log":4,"minecraft:oak_leaves":5},"minecraft:used":{"mca:male_villager_spawn_egg":10,"simplyswords:enigma":14,"minecraft:bread":1,"mca:female_villager_spawn_egg":12,"minecraft:white_bed":5,"simplyswords:twisted_blade":20}},"DataVersion":3465}